Workbook

Sheet Cover
B2: CONSULTING WALLAH · RESOURCES
B3: Drug & Alternatives Look-up
B4: 227 generics · therapeutic class · common forms · same-class alternatives · brand examples (India / UAE-GCC) · ATC · procurement notes. Version 27 Oct 2026.
B6: HOW TO USE
B7: 1. Open the Lookup sheet. Type part of a generic, brand or class in the yellow search cell (B3); matching rows appear below.
B8: 2. Or use the filter arrows on the Data sheet — filter by Class to see every molecule in a class and its alternatives.
B9: 3. Use the Alternatives column to build tender lots (e.g. "PPI — any of omeprazole / pantoprazole / esomeprazole") and the Notes column for stewardship, cold-chain and controlled-drug flags.
B11: WHAT THIS IS — AND IS NOT
B12: This is a procurement reference compiled by practitioners for formulary rationalisation, tender lot design and benchmarking. It is not clinical guidance. Any substitution must be approved by the Pharmacy & Therapeutics committee / treating clinician, and registration status must be checked with the relevant authority (CDSCO, MOHAP, DoH, DHA, SFDA).
B13: Brand names are examples only and belong to their owners; availability and registration vary by market and over time.
B15: Free to use and share with attribution · consultingwallah.com/resources.html · consultingwallah@gmail.com

Sheet Lookup
B1: Drug & Alternatives Look-up
B2: Type part of a generic, brand or class →
B3: omeprazole | C3: =IF(B3="","Enter a search term",COUNTIF(Data!$I:$I,TRUE())&" match(es)") -> 4 match(es)
B5: Generic | C5: Therapeutic class | D5: Common forms & strengths | E5: Alternatives (same class / therapeutic) | F5: Brand examples — India | G5: Brand examples — UAE / GCC | H5: ATC | I5: Procurement note
B6: =IFERROR(INDEX(Data!$A$2:$A$228,MATCH(1,Data!$J$2:$J$228,0)),"") -> Esomeprazole | C6: =IFERROR(INDEX(Data!$B$2:$B$228,MATCH(1,Data!$J$2:$J$228,0)),"") -> Proton pump inhibitor | D6: =IFERROR(INDEX(Data!$C$2:$C$228,MATCH(1,Data!$J$2:$J$228,0)),"") -> 20/40 mg tab; 40 mg inj | E6: =IFERROR(INDEX(Data!$D$2:$D$228,MATCH(1,Data!$J$2:$J$228,0)),"") -> Pantoprazole; Omeprazole; Rabeprazole | F6: =IFERROR(INDEX(Data!$E$2:$E$228,MATCH(1,Data!$J$2:$J$228,0)),"") -> Nexpro, Esoz | G6: =IFERROR(INDEX(Data!$F$2:$F$228,MATCH(1,Data!$J$2:$J$228,0)),"") -> Nexium, Esomax | H6: =IFERROR(INDEX(Data!$G$2:$G$228,MATCH(1,Data!$J$2:$J$228,0)),"") -> A02BC05 | I6: =IFERROR(INDEX(Data!$H$2:$H$228,MATCH(1,Data!$J$2:$J$228,0)),"") -> 0
B7: =IFERROR(INDEX(Data!$A$2:$A$228,MATCH(2,Data!$J$2:$J$228,0)),"") -> Omeprazole | C7: =IFERROR(INDEX(Data!$B$2:$B$228,MATCH(2,Data!$J$2:$J$228,0)),"") -> Proton pump inhibitor | D7: =IFERROR(INDEX(Data!$C$2:$C$228,MATCH(2,Data!$J$2:$J$228,0)),"") -> 20/40 mg cap; 40 mg inj | E7: =IFERROR(INDEX(Data!$D$2:$D$228,MATCH(2,Data!$J$2:$J$228,0)),"") -> Pantoprazole; Esomeprazole; Rabeprazole | F7: =IFERROR(INDEX(Data!$E$2:$E$228,MATCH(2,Data!$J$2:$J$228,0)),"") -> Omez, Ocid | G7: =IFERROR(INDEX(Data!$F$2:$F$228,MATCH(2,Data!$J$2:$J$228,0)),"") -> Losec, Risek | H7: =IFERROR(INDEX(Data!$G$2:$G$228,MATCH(2,Data!$J$2:$J$228,0)),"") -> A02BC01 | I7: =IFERROR(INDEX(Data!$H$2:$H$228,MATCH(2,Data!$J$2:$J$228,0)),"") -> PPIs are interchangeable at class level for most formularies — single-brand tendering saves 20–40%.
B8: =IFERROR(INDEX(Data!$A$2:$A$228,MATCH(3,Data!$J$2:$J$228,0)),"") -> Pantoprazole | C8: =IFERROR(INDEX(Data!$B$2:$B$228,MATCH(3,Data!$J$2:$J$228,0)),"") -> Proton pump inhibitor | D8: =IFERROR(INDEX(Data!$C$2:$C$228,MATCH(3,Data!$J$2:$J$228,0)),"") -> 40 mg tab; 40 mg inj | E8: =IFERROR(INDEX(Data!$D$2:$D$228,MATCH(3,Data!$J$2:$J$228,0)),"") -> Omeprazole; Esomeprazole; Rabeprazole | F8: =IFERROR(INDEX(Data!$E$2:$E$228,MATCH(3,Data!$J$2:$J$228,0)),"") -> Pan, Pantocid | G8: =IFERROR(INDEX(Data!$F$2:$F$228,MATCH(3,Data!$J$2:$J$228,0)),"") -> Controloc, Pantozol | H8: =IFERROR(INDEX(Data!$G$2:$G$228,MATCH(3,Data!$J$2:$J$228,0)),"") -> A02BC02 | I8: =IFERROR(INDEX(Data!$H$2:$H$228,MATCH(3,Data!$J$2:$J$228,0)),"") -> IV pantoprazole is a common over-use item — review IV→oral switch.
B9: =IFERROR(INDEX(Data!$A$2:$A$228,MATCH(4,Data!$J$2:$J$228,0)),"") -> Rabeprazole | C9: =IFERROR(INDEX(Data!$B$2:$B$228,MATCH(4,Data!$J$2:$J$228,0)),"") -> Proton pump inhibitor | D9: =IFERROR(INDEX(Data!$C$2:$C$228,MATCH(4,Data!$J$2:$J$228,0)),"") -> 20 mg tab | E9: =IFERROR(INDEX(Data!$D$2:$D$228,MATCH(4,Data!$J$2:$J$228,0)),"") -> Pantoprazole; Omeprazole; Esomeprazole | F9: =IFERROR(INDEX(Data!$E$2:$E$228,MATCH(4,Data!$J$2:$J$228,0)),"") -> Razo, Rabicip | G9: =IFERROR(INDEX(Data!$F$2:$F$228,MATCH(4,Data!$J$2:$J$228,0)),"") -> Pariet, Rabezol | H9: =IFERROR(INDEX(Data!$G$2:$G$228,MATCH(4,Data!$J$2:$J$228,0)),"") -> A02BC04 | I9: =IFERROR(INDEX(Data!$H$2:$H$228,MATCH(4,Data!$J$2:$J$228,0)),"") -> 0
B10: =IFERROR(INDEX(Data!$A$2:$A$228,MATCH(5,Data!$J$2:$J$228,0)),"") | C10: =IFERROR(INDEX(Data!$B$2:$B$228,MATCH(5,Data!$J$2:$J$228,0)),"") | D10: =IFERROR(INDEX(Data!$C$2:$C$228,MATCH(5,Data!$J$2:$J$228,0)),"") | E10: =IFERROR(INDEX(Data!$D$2:$D$228,MATCH(5,Data!$J$2:$J$228,0)),"") | F10: =IFERROR(INDEX(Data!$E$2:$E$228,MATCH(5,Data!$J$2:$J$228,0)),"") | G10: =IFERROR(INDEX(Data!$F$2:$F$228,MATCH(5,Data!$J$2:$J$228,0)),"") | H10: =IFERROR(INDEX(Data!$G$2:$G$228,MATCH(5,Data!$J$2:$J$228,0)),"") | I10: =IFERROR(INDEX(Data!$H$2:$H$228,MATCH(5,Data!$J$2:$J$228,0)),"")
B11: =IFERROR(INDEX(Data!$A$2:$A$228,MATCH(6,Data!$J$2:$J$228,0)),"") | C11: =IFERROR(INDEX(Data!$B$2:$B$228,MATCH(6,Data!$J$2:$J$228,0)),"") | D11: =IFERROR(INDEX(Data!$C$2:$C$228,MATCH(6,Data!$J$2:$J$228,0)),"") | E11: =IFERROR(INDEX(Data!$D$2:$D$228,MATCH(6,Data!$J$2:$J$228,0)),"") | F11: =IFERROR(INDEX(Data!$E$2:$E$228,MATCH(6,Data!$J$2:$J$228,0)),"") | G11: =IFERROR(INDEX(Data!$F$2:$F$228,MATCH(6,Data!$J$2:$J$228,0)),"") | H11: =IFERROR(INDEX(Data!$G$2:$G$228,MATCH(6,Data!$J$2:$J$228,0)),"") | I11: =IFERROR(INDEX(Data!$H$2:$H$228,MATCH(6,Data!$J$2:$J$228,0)),"")
B12: =IFERROR(INDEX(Data!$A$2:$A$228,MATCH(7,Data!$J$2:$J$228,0)),"") | C12: =IFERROR(INDEX(Data!$B$2:$B$228,MATCH(7,Data!$J$2:$J$228,0)),"") | D12: =IFERROR(INDEX(Data!$C$2:$C$228,MATCH(7,Data!$J$2:$J$228,0)),"") | E12: =IFERROR(INDEX(Data!$D$2:$D$228,MATCH(7,Data!$J$2:$J$228,0)),"") | F12: =IFERROR(INDEX(Data!$E$2:$E$228,MATCH(7,Data!$J$2:$J$228,0)),"") | G12: =IFERROR(INDEX(Data!$F$2:$F$228,MATCH(7,Data!$J$2:$J$228,0)),"") | H12: =IFERROR(INDEX(Data!$G$2:$G$228,MATCH(7,Data!$J$2:$J$228,0)),"") | I12: =IFERROR(INDEX(Data!$H$2:$H$228,MATCH(7,Data!$J$2:$J$228,0)),"")
B13: =IFERROR(INDEX(Data!$A$2:$A$228,MATCH(8,Data!$J$2:$J$228,0)),"") | C13: =IFERROR(INDEX(Data!$B$2:$B$228,MATCH(8,Data!$J$2:$J$228,0)),"") | D13: =IFERROR(INDEX(Data!$C$2:$C$228,MATCH(8,Data!$J$2:$J$228,0)),"") | E13: =IFERROR(INDEX(Data!$D$2:$D$228,MATCH(8,Data!$J$2:$J$228,0)),"") | F13: =IFERROR(INDEX(Data!$E$2:$E$228,MATCH(8,Data!$J$2:$J$228,0)),"") | G13: =IFERROR(INDEX(Data!$F$2:$F$228,MATCH(8,Data!$J$2:$J$228,0)),"") | H13: =IFERROR(INDEX(Data!$G$2:$G$228,MATCH(8,Data!$J$2:$J$228,0)),"") | I13: =IFERROR(INDEX(Data!$H$2:$H$228,MATCH(8,Data!$J$2:$J$228,0)),"")
B14: =IFERROR(INDEX(Data!$A$2:$A$228,MATCH(9,Data!$J$2:$J$228,0)),"") | C14: =IFERROR(INDEX(Data!$B$2:$B$228,MATCH(9,Data!$J$2:$J$228,0)),"") | D14: =IFERROR(INDEX(Data!$C$2:$C$228,MATCH(9,Data!$J$2:$J$228,0)),"") | E14: =IFERROR(INDEX(Data!$D$2:$D$228,MATCH(9,Data!$J$2:$J$228,0)),"") | F14: =IFERROR(INDEX(Data!$E$2:$E$228,MATCH(9,Data!$J$2:$J$228,0)),"") | G14: =IFERROR(INDEX(Data!$F$2:$F$228,MATCH(9,Data!$J$2:$J$228,0)),"") | H14: =IFERROR(INDEX(Data!$G$2:$G$228,MATCH(9,Data!$J$2:$J$228,0)),"") | I14: =IFERROR(INDEX(Data!$H$2:$H$228,MATCH(9,Data!$J$2:$J$228,0)),"")
B15: =IFERROR(INDEX(Data!$A$2:$A$228,MATCH(10,Data!$J$2:$J$228,0)),"") | C15: =IFERROR(INDEX(Data!$B$2:$B$228,MATCH(10,Data!$J$2:$J$228,0)),"") | D15: =IFERROR(INDEX(Data!$C$2:$C$228,MATCH(10,Data!$J$2:$J$228,0)),"") | E15: =IFERROR(INDEX(Data!$D$2:$D$228,MATCH(10,Data!$J$2:$J$228,0)),"") | F15: =IFERROR(INDEX(Data!$E$2:$E$228,MATCH(10,Data!$J$2:$J$228,0)),"") | G15: =IFERROR(INDEX(Data!$F$2:$F$228,MATCH(10,Data!$J$2:$J$228,0)),"") | H15: =IFERROR(INDEX(Data!$G$2:$G$228,MATCH(10,Data!$J$2:$J$228,0)),"") | I15: =IFERROR(INDEX(Data!$H$2:$H$228,MATCH(10,Data!$J$2:$J$228,0)),"")
B16: =IFERROR(INDEX(Data!$A$2:$A$228,MATCH(11,Data!$J$2:$J$228,0)),"") | C16: =IFERROR(INDEX(Data!$B$2:$B$228,MATCH(11,Data!$J$2:$J$228,0)),"") | D16: =IFERROR(INDEX(Data!$C$2:$C$228,MATCH(11,Data!$J$2:$J$228,0)),"") | E16: =IFERROR(INDEX(Data!$D$2:$D$228,MATCH(11,Data!$J$2:$J$228,0)),"") | F16: =IFERROR(INDEX(Data!$E$2:$E$228,MATCH(11,Data!$J$2:$J$228,0)),"") | G16: =IFERROR(INDEX(Data!$F$2:$F$228,MATCH(11,Data!$J$2:$J$228,0)),"") | H16: =IFERROR(INDEX(Data!$G$2:$G$228,MATCH(11,Data!$J$2:$J$228,0)),"") | I16: =IFERROR(INDEX(Data!$H$2:$H$228,MATCH(11,Data!$J$2:$J$228,0)),"")
B17: =IFERROR(INDEX(Data!$A$2:$A$228,MATCH(12,Data!$J$2:$J$228,0)),"") | C17: =IFERROR(INDEX(Data!$B$2:$B$228,MATCH(12,Data!$J$2:$J$228,0)),"") | D17: =IFERROR(INDEX(Data!$C$2:$C$228,MATCH(12,Data!$J$2:$J$228,0)),"") | E17: =IFERROR(INDEX(Data!$D$2:$D$228,MATCH(12,Data!$J$2:$J$228,0)),"") | F17: =IFERROR(INDEX(Data!$E$2:$E$228,MATCH(12,Data!$J$2:$J$228,0)),"") | G17: =IFERROR(INDEX(Data!$F$2:$F$228,MATCH(12,Data!$J$2:$J$228,0)),"") | H17: =IFERROR(INDEX(Data!$G$2:$G$228,MATCH(12,Data!$J$2:$J$228,0)),"") | I17: =IFERROR(INDEX(Data!$H$2:$H$228,MATCH(12,Data!$J$2:$J$228,0)),"")
B18: =IFERROR(INDEX(Data!$A$2:$A$228,MATCH(13,Data!$J$2:$J$228,0)),"") | C18: =IFERROR(INDEX(Data!$B$2:$B$228,MATCH(13,Data!$J$2:$J$228,0)),"") | D18: =IFERROR(INDEX(Data!$C$2:$C$228,MATCH(13,Data!$J$2:$J$228,0)),"") | E18: =IFERROR(INDEX(Data!$D$2:$D$228,MATCH(13,Data!$J$2:$J$228,0)),"") | F18: =IFERROR(INDEX(Data!$E$2:$E$228,MATCH(13,Data!$J$2:$J$228,0)),"") | G18: =IFERROR(INDEX(Data!$F$2:$F$228,MATCH(13,Data!$J$2:$J$228,0)),"") | H18: =IFERROR(INDEX(Data!$G$2:$G$228,MATCH(13,Data!$J$2:$J$228,0)),"") | I18: =IFERROR(INDEX(Data!$H$2:$H$228,MATCH(13,Data!$J$2:$J$228,0)),"")
B19: =IFERROR(INDEX(Data!$A$2:$A$228,MATCH(14,Data!$J$2:$J$228,0)),"") | C19: =IFERROR(INDEX(Data!$B$2:$B$228,MATCH(14,Data!$J$2:$J$228,0)),"") | D19: =IFERROR(INDEX(Data!$C$2:$C$228,MATCH(14,Data!$J$2:$J$228,0)),"") | E19: =IFERROR(INDEX(Data!$D$2:$D$228,MATCH(14,Data!$J$2:$J$228,0)),"") | F19: =IFERROR(INDEX(Data!$E$2:$E$228,MATCH(14,Data!$J$2:$J$228,0)),"") | G19: =IFERROR(INDEX(Data!$F$2:$F$228,MATCH(14,Data!$J$2:$J$228,0)),"") | H19: =IFERROR(INDEX(Data!$G$2:$G$228,MATCH(14,Data!$J$2:$J$228,0)),"") | I19: =IFERROR(INDEX(Data!$H$2:$H$228,MATCH(14,Data!$J$2:$J$228,0)),"")
B20: =IFERROR(INDEX(Data!$A$2:$A$228,MATCH(15,Data!$J$2:$J$228,0)),"") | C20: =IFERROR(INDEX(Data!$B$2:$B$228,MATCH(15,Data!$J$2:$J$228,0)),"") | D20: =IFERROR(INDEX(Data!$C$2:$C$228,MATCH(15,Data!$J$2:$J$228,0)),"") | E20: =IFERROR(INDEX(Data!$D$2:$D$228,MATCH(15,Data!$J$2:$J$228,0)),"") | F20: =IFERROR(INDEX(Data!$E$2:$E$228,MATCH(15,Data!$J$2:$J$228,0)),"") | G20: =IFERROR(INDEX(Data!$F$2:$F$228,MATCH(15,Data!$J$2:$J$228,0)),"") | H20: =IFERROR(INDEX(Data!$G$2:$G$228,MATCH(15,Data!$J$2:$J$228,0)),"") | I20: =IFERROR(INDEX(Data!$H$2:$H$228,MATCH(15,Data!$J$2:$J$228,0)),"")
B21: =IFERROR(INDEX(Data!$A$2:$A$228,MATCH(16,Data!$J$2:$J$228,0)),"") | C21: =IFERROR(INDEX(Data!$B$2:$B$228,MATCH(16,Data!$J$2:$J$228,0)),"") | D21: =IFERROR(INDEX(Data!$C$2:$C$228,MATCH(16,Data!$J$2:$J$228,0)),"") | E21: =IFERROR(INDEX(Data!$D$2:$D$228,MATCH(16,Data!$J$2:$J$228,0)),"") | F21: =IFERROR(INDEX(Data!$E$2:$E$228,MATCH(16,Data!$J$2:$J$228,0)),"") | G21: =IFERROR(INDEX(Data!$F$2:$F$228,MATCH(16,Data!$J$2:$J$228,0)),"") | H21: =IFERROR(INDEX(Data!$G$2:$G$228,MATCH(16,Data!$J$2:$J$228,0)),"") | I21: =IFERROR(INDEX(Data!$H$2:$H$228,MATCH(16,Data!$J$2:$J$228,0)),"")
B22: =IFERROR(INDEX(Data!$A$2:$A$228,MATCH(17,Data!$J$2:$J$228,0)),"") | C22: =IFERROR(INDEX(Data!$B$2:$B$228,MATCH(17,Data!$J$2:$J$228,0)),"") | D22: =IFERROR(INDEX(Data!$C$2:$C$228,MATCH(17,Data!$J$2:$J$228,0)),"") | E22: =IFERROR(INDEX(Data!$D$2:$D$228,MATCH(17,Data!$J$2:$J$228,0)),"") | F22: =IFERROR(INDEX(Data!$E$2:$E$228,MATCH(17,Data!$J$2:$J$228,0)),"") | G22: =IFERROR(INDEX(Data!$F$2:$F$228,MATCH(17,Data!$J$2:$J$228,0)),"") | H22: =IFERROR(INDEX(Data!$G$2:$G$228,MATCH(17,Data!$J$2:$J$228,0)),"") | I22: =IFERROR(INDEX(Data!$H$2:$H$228,MATCH(17,Data!$J$2:$J$228,0)),"")
B23: =IFERROR(INDEX(Data!$A$2:$A$228,MATCH(18,Data!$J$2:$J$228,0)),"") | C23: =IFERROR(INDEX(Data!$B$2:$B$228,MATCH(18,Data!$J$2:$J$228,0)),"") | D23: =IFERROR(INDEX(Data!$C$2:$C$228,MATCH(18,Data!$J$2:$J$228,0)),"") | E23: =IFERROR(INDEX(Data!$D$2:$D$228,MATCH(18,Data!$J$2:$J$228,0)),"") | F23: =IFERROR(INDEX(Data!$E$2:$E$228,MATCH(18,Data!$J$2:$J$228,0)),"") | G23: =IFERROR(INDEX(Data!$F$2:$F$228,MATCH(18,Data!$J$2:$J$228,0)),"") | H23: =IFERROR(INDEX(Data!$G$2:$G$228,MATCH(18,Data!$J$2:$J$228,0)),"") | I23: =IFERROR(INDEX(Data!$H$2:$H$228,MATCH(18,Data!$J$2:$J$228,0)),"")
B24: =IFERROR(INDEX(Data!$A$2:$A$228,MATCH(19,Data!$J$2:$J$228,0)),"") | C24: =IFERROR(INDEX(Data!$B$2:$B$228,MATCH(19,Data!$J$2:$J$228,0)),"") | D24: =IFERROR(INDEX(Data!$C$2:$C$228,MATCH(19,Data!$J$2:$J$228,0)),"") | E24: =IFERROR(INDEX(Data!$D$2:$D$228,MATCH(19,Data!$J$2:$J$228,0)),"") | F24: =IFERROR(INDEX(Data!$E$2:$E$228,MATCH(19,Data!$J$2:$J$228,0)),"") | G24: =IFERROR(INDEX(Data!$F$2:$F$228,MATCH(19,Data!$J$2:$J$228,0)),"") | H24: =IFERROR(INDEX(Data!$G$2:$G$228,MATCH(19,Data!$J$2:$J$228,0)),"") | I24: =IFERROR(INDEX(Data!$H$2:$H$228,MATCH(19,Data!$J$2:$J$228,0)),"")
B25: =IFERROR(INDEX(Data!$A$2:$A$228,MATCH(20,Data!$J$2:$J$228,0)),"") | C25: =IFERROR(INDEX(Data!$B$2:$B$228,MATCH(20,Data!$J$2:$J$228,0)),"") | D25: =IFERROR(INDEX(Data!$C$2:$C$228,MATCH(20,Data!$J$2:$J$228,0)),"") | E25: =IFERROR(INDEX(Data!$D$2:$D$228,MATCH(20,Data!$J$2:$J$228,0)),"") | F25: =IFERROR(INDEX(Data!$E$2:$E$228,MATCH(20,Data!$J$2:$J$228,0)),"") | G25: =IFERROR(INDEX(Data!$F$2:$F$228,MATCH(20,Data!$J$2:$J$228,0)),"") | H25: =IFERROR(INDEX(Data!$G$2:$G$228,MATCH(20,Data!$J$2:$J$228,0)),"") | I25: =IFERROR(INDEX(Data!$H$2:$H$228,MATCH(20,Data!$J$2:$J$228,0)),"")
B26: =IFERROR(INDEX(Data!$A$2:$A$228,MATCH(21,Data!$J$2:$J$228,0)),"") | C26: =IFERROR(INDEX(Data!$B$2:$B$228,MATCH(21,Data!$J$2:$J$228,0)),"") | D26: =IFERROR(INDEX(Data!$C$2:$C$228,MATCH(21,Data!$J$2:$J$228,0)),"") | E26: =IFERROR(INDEX(Data!$D$2:$D$228,MATCH(21,Data!$J$2:$J$228,0)),"") | F26: =IFERROR(INDEX(Data!$E$2:$E$228,MATCH(21,Data!$J$2:$J$228,0)),"") | G26: =IFERROR(INDEX(Data!$F$2:$F$228,MATCH(21,Data!$J$2:$J$228,0)),"") | H26: =IFERROR(INDEX(Data!$G$2:$G$228,MATCH(21,Data!$J$2:$J$228,0)),"") | I26: =IFERROR(INDEX(Data!$H$2:$H$228,MATCH(21,Data!$J$2:$J$228,0)),"")
B27: =IFERROR(INDEX(Data!$A$2:$A$228,MATCH(22,Data!$J$2:$J$228,0)),"") | C27: =IFERROR(INDEX(Data!$B$2:$B$228,MATCH(22,Data!$J$2:$J$228,0)),"") | D27: =IFERROR(INDEX(Data!$C$2:$C$228,MATCH(22,Data!$J$2:$J$228,0)),"") | E27: =IFERROR(INDEX(Data!$D$2:$D$228,MATCH(22,Data!$J$2:$J$228,0)),"") | F27: =IFERROR(INDEX(Data!$E$2:$E$228,MATCH(22,Data!$J$2:$J$228,0)),"") | G27: =IFERROR(INDEX(Data!$F$2:$F$228,MATCH(22,Data!$J$2:$J$228,0)),"") | H27: =IFERROR(INDEX(Data!$G$2:$G$228,MATCH(22,Data!$J$2:$J$228,0)),"") | I27: =IFERROR(INDEX(Data!$H$2:$H$228,MATCH(22,Data!$J$2:$J$228,0)),"")
B28: =IFERROR(INDEX(Data!$A$2:$A$228,MATCH(23,Data!$J$2:$J$228,0)),"") | C28: =IFERROR(INDEX(Data!$B$2:$B$228,MATCH(23,Data!$J$2:$J$228,0)),"") | D28: =IFERROR(INDEX(Data!$C$2:$C$228,MATCH(23,Data!$J$2:$J$228,0)),"") | E28: =IFERROR(INDEX(Data!$D$2:$D$228,MATCH(23,Data!$J$2:$J$228,0)),"") | F28: =IFERROR(INDEX(Data!$E$2:$E$228,MATCH(23,Data!$J$2:$J$228,0)),"") | G28: =IFERROR(INDEX(Data!$F$2:$F$228,MATCH(23,Data!$J$2:$J$228,0)),"") | H28: =IFERROR(INDEX(Data!$G$2:$G$228,MATCH(23,Data!$J$2:$J$228,0)),"") | I28: =IFERROR(INDEX(Data!$H$2:$H$228,MATCH(23,Data!$J$2:$J$228,0)),"")
B29: =IFERROR(INDEX(Data!$A$2:$A$228,MATCH(24,Data!$J$2:$J$228,0)),"") | C29: =IFERROR(INDEX(Data!$B$2:$B$228,MATCH(24,Data!$J$2:$J$228,0)),"") | D29: =IFERROR(INDEX(Data!$C$2:$C$228,MATCH(24,Data!$J$2:$J$228,0)),"") | E29: =IFERROR(INDEX(Data!$D$2:$D$228,MATCH(24,Data!$J$2:$J$228,0)),"") | F29: =IFERROR(INDEX(Data!$E$2:$E$228,MATCH(24,Data!$J$2:$J$228,0)),"") | G29: =IFERROR(INDEX(Data!$F$2:$F$228,MATCH(24,Data!$J$2:$J$228,0)),"") | H29: =IFERROR(INDEX(Data!$G$2:$G$228,MATCH(24,Data!$J$2:$J$228,0)),"") | I29: =IFERROR(INDEX(Data!$H$2:$H$228,MATCH(24,Data!$J$2:$J$228,0)),"")
B30: =IFERROR(INDEX(Data!$A$2:$A$228,MATCH(25,Data!$J$2:$J$228,0)),"") | C30: =IFERROR(INDEX(Data!$B$2:$B$228,MATCH(25,Data!$J$2:$J$228,0)),"") | D30: =IFERROR(INDEX(Data!$C$2:$C$228,MATCH(25,Data!$J$2:$J$228,0)),"") | E30: =IFERROR(INDEX(Data!$D$2:$D$228,MATCH(25,Data!$J$2:$J$228,0)),"") | F30: =IFERROR(INDEX(Data!$E$2:$E$228,MATCH(25,Data!$J$2:$J$228,0)),"") | G30: =IFERROR(INDEX(Data!$F$2:$F$228,MATCH(25,Data!$J$2:$J$228,0)),"") | H30: =IFERROR(INDEX(Data!$G$2:$G$228,MATCH(25,Data!$J$2:$J$228,0)),"") | I30: =IFERROR(INDEX(Data!$H$2:$H$228,MATCH(25,Data!$J$2:$J$228,0)),"")
B31: =IFERROR(INDEX(Data!$A$2:$A$228,MATCH(26,Data!$J$2:$J$228,0)),"") | C31: =IFERROR(INDEX(Data!$B$2:$B$228,MATCH(26,Data!$J$2:$J$228,0)),"") | D31: =IFERROR(INDEX(Data!$C$2:$C$228,MATCH(26,Data!$J$2:$J$228,0)),"") | E31: =IFERROR(INDEX(Data!$D$2:$D$228,MATCH(26,Data!$J$2:$J$228,0)),"") | F31: =IFERROR(INDEX(Data!$E$2:$E$228,MATCH(26,Data!$J$2:$J$228,0)),"") | G31: =IFERROR(INDEX(Data!$F$2:$F$228,MATCH(26,Data!$J$2:$J$228,0)),"") | H31: =IFERROR(INDEX(Data!$G$2:$G$228,MATCH(26,Data!$J$2:$J$228,0)),"") | I31: =IFERROR(INDEX(Data!$H$2:$H$228,MATCH(26,Data!$J$2:$J$228,0)),"")
B32: =IFERROR(INDEX(Data!$A$2:$A$228,MATCH(27,Data!$J$2:$J$228,0)),"") | C32: =IFERROR(INDEX(Data!$B$2:$B$228,MATCH(27,Data!$J$2:$J$228,0)),"") | D32: =IFERROR(INDEX(Data!$C$2:$C$228,MATCH(27,Data!$J$2:$J$228,0)),"") | E32: =IFERROR(INDEX(Data!$D$2:$D$228,MATCH(27,Data!$J$2:$J$228,0)),"") | F32: =IFERROR(INDEX(Data!$E$2:$E$228,MATCH(27,Data!$J$2:$J$228,0)),"") | G32: =IFERROR(INDEX(Data!$F$2:$F$228,MATCH(27,Data!$J$2:$J$228,0)),"") | H32: =IFERROR(INDEX(Data!$G$2:$G$228,MATCH(27,Data!$J$2:$J$228,0)),"") | I32: =IFERROR(INDEX(Data!$H$2:$H$228,MATCH(27,Data!$J$2:$J$228,0)),"")
B33: =IFERROR(INDEX(Data!$A$2:$A$228,MATCH(28,Data!$J$2:$J$228,0)),"") | C33: =IFERROR(INDEX(Data!$B$2:$B$228,MATCH(28,Data!$J$2:$J$228,0)),"") | D33: =IFERROR(INDEX(Data!$C$2:$C$228,MATCH(28,Data!$J$2:$J$228,0)),"") | E33: =IFERROR(INDEX(Data!$D$2:$D$228,MATCH(28,Data!$J$2:$J$228,0)),"") | F33: =IFERROR(INDEX(Data!$E$2:$E$228,MATCH(28,Data!$J$2:$J$228,0)),"") | G33: =IFERROR(INDEX(Data!$F$2:$F$228,MATCH(28,Data!$J$2:$J$228,0)),"") | H33: =IFERROR(INDEX(Data!$G$2:$G$228,MATCH(28,Data!$J$2:$J$228,0)),"") | I33: =IFERROR(INDEX(Data!$H$2:$H$228,MATCH(28,Data!$J$2:$J$228,0)),"")
B34: =IFERROR(INDEX(Data!$A$2:$A$228,MATCH(29,Data!$J$2:$J$228,0)),"") | C34: =IFERROR(INDEX(Data!$B$2:$B$228,MATCH(29,Data!$J$2:$J$228,0)),"") | D34: =IFERROR(INDEX(Data!$C$2:$C$228,MATCH(29,Data!$J$2:$J$228,0)),"") | E34: =IFERROR(INDEX(Data!$D$2:$D$228,MATCH(29,Data!$J$2:$J$228,0)),"") | F34: =IFERROR(INDEX(Data!$E$2:$E$228,MATCH(29,Data!$J$2:$J$228,0)),"") | G34: =IFERROR(INDEX(Data!$F$2:$F$228,MATCH(29,Data!$J$2:$J$228,0)),"") | H34: =IFERROR(INDEX(Data!$G$2:$G$228,MATCH(29,Data!$J$2:$J$228,0)),"") | I34: =IFERROR(INDEX(Data!$H$2:$H$228,MATCH(29,Data!$J$2:$J$228,0)),"")
B35: =IFERROR(INDEX(Data!$A$2:$A$228,MATCH(30,Data!$J$2:$J$228,0)),"") | C35: =IFERROR(INDEX(Data!$B$2:$B$228,MATCH(30,Data!$J$2:$J$228,0)),"") | D35: =IFERROR(INDEX(Data!$C$2:$C$228,MATCH(30,Data!$J$2:$J$228,0)),"") | E35: =IFERROR(INDEX(Data!$D$2:$D$228,MATCH(30,Data!$J$2:$J$228,0)),"") | F35: =IFERROR(INDEX(Data!$E$2:$E$228,MATCH(30,Data!$J$2:$J$228,0)),"") | G35: =IFERROR(INDEX(Data!$F$2:$F$228,MATCH(30,Data!$J$2:$J$228,0)),"") | H35: =IFERROR(INDEX(Data!$G$2:$G$228,MATCH(30,Data!$J$2:$J$228,0)),"") | I35: =IFERROR(INDEX(Data!$H$2:$H$228,MATCH(30,Data!$J$2:$J$228,0)),"")
B36: =IFERROR(INDEX(Data!$A$2:$A$228,MATCH(31,Data!$J$2:$J$228,0)),"") | C36: =IFERROR(INDEX(Data!$B$2:$B$228,MATCH(31,Data!$J$2:$J$228,0)),"") | D36: =IFERROR(INDEX(Data!$C$2:$C$228,MATCH(31,Data!$J$2:$J$228,0)),"") | E36: =IFERROR(INDEX(Data!$D$2:$D$228,MATCH(31,Data!$J$2:$J$228,0)),"") | F36: =IFERROR(INDEX(Data!$E$2:$E$228,MATCH(31,Data!$J$2:$J$228,0)),"") | G36: =IFERROR(INDEX(Data!$F$2:$F$228,MATCH(31,Data!$J$2:$J$228,0)),"") | H36: =IFERROR(INDEX(Data!$G$2:$G$228,MATCH(31,Data!$J$2:$J$228,0)),"") | I36: =IFERROR(INDEX(Data!$H$2:$H$228,MATCH(31,Data!$J$2:$J$228,0)),"")
B37: =IFERROR(INDEX(Data!$A$2:$A$228,MATCH(32,Data!$J$2:$J$228,0)),"") | C37: =IFERROR(INDEX(Data!$B$2:$B$228,MATCH(32,Data!$J$2:$J$228,0)),"") | D37: =IFERROR(INDEX(Data!$C$2:$C$228,MATCH(32,Data!$J$2:$J$228,0)),"") | E37: =IFERROR(INDEX(Data!$D$2:$D$228,MATCH(32,Data!$J$2:$J$228,0)),"") | F37: =IFERROR(INDEX(Data!$E$2:$E$228,MATCH(32,Data!$J$2:$J$228,0)),"") | G37: =IFERROR(INDEX(Data!$F$2:$F$228,MATCH(32,Data!$J$2:$J$228,0)),"") | H37: =IFERROR(INDEX(Data!$G$2:$G$228,MATCH(32,Data!$J$2:$J$228,0)),"") | I37: =IFERROR(INDEX(Data!$H$2:$H$228,MATCH(32,Data!$J$2:$J$228,0)),"")
B38: =IFERROR(INDEX(Data!$A$2:$A$228,MATCH(33,Data!$J$2:$J$228,0)),"") | C38: =IFERROR(INDEX(Data!$B$2:$B$228,MATCH(33,Data!$J$2:$J$228,0)),"") | D38: =IFERROR(INDEX(Data!$C$2:$C$228,MATCH(33,Data!$J$2:$J$228,0)),"") | E38: =IFERROR(INDEX(Data!$D$2:$D$228,MATCH(33,Data!$J$2:$J$228,0)),"") | F38: =IFERROR(INDEX(Data!$E$2:$E$228,MATCH(33,Data!$J$2:$J$228,0)),"") | G38: =IFERROR(INDEX(Data!$F$2:$F$228,MATCH(33,Data!$J$2:$J$228,0)),"") | H38: =IFERROR(INDEX(Data!$G$2:$G$228,MATCH(33,Data!$J$2:$J$228,0)),"") | I38: =IFERROR(INDEX(Data!$H$2:$H$228,MATCH(33,Data!$J$2:$J$228,0)),"")
B39: =IFERROR(INDEX(Data!$A$2:$A$228,MATCH(34,Data!$J$2:$J$228,0)),"") | C39: =IFERROR(INDEX(Data!$B$2:$B$228,MATCH(34,Data!$J$2:$J$228,0)),"") | D39: =IFERROR(INDEX(Data!$C$2:$C$228,MATCH(34,Data!$J$2:$J$228,0)),"") | E39: =IFERROR(INDEX(Data!$D$2:$D$228,MATCH(34,Data!$J$2:$J$228,0)),"") | F39: =IFERROR(INDEX(Data!$E$2:$E$228,MATCH(34,Data!$J$2:$J$228,0)),"") | G39: =IFERROR(INDEX(Data!$F$2:$F$228,MATCH(34,Data!$J$2:$J$228,0)),"") | H39: =IFERROR(INDEX(Data!$G$2:$G$228,MATCH(34,Data!$J$2:$J$228,0)),"") | I39: =IFERROR(INDEX(Data!$H$2:$H$228,MATCH(34,Data!$J$2:$J$228,0)),"")
B40: =IFERROR(INDEX(Data!$A$2:$A$228,MATCH(35,Data!$J$2:$J$228,0)),"") | C40: =IFERROR(INDEX(Data!$B$2:$B$228,MATCH(35,Data!$J$2:$J$228,0)),"") | D40: =IFERROR(INDEX(Data!$C$2:$C$228,MATCH(35,Data!$J$2:$J$228,0)),"") | E40: =IFERROR(INDEX(Data!$D$2:$D$228,MATCH(35,Data!$J$2:$J$228,0)),"") | F40: =IFERROR(INDEX(Data!$E$2:$E$228,MATCH(35,Data!$J$2:$J$228,0)),"") | G40: =IFERROR(INDEX(Data!$F$2:$F$228,MATCH(35,Data!$J$2:$J$228,0)),"") | H40: =IFERROR(INDEX(Data!$G$2:$G$228,MATCH(35,Data!$J$2:$J$228,0)),"") | I40: =IFERROR(INDEX(Data!$H$2:$H$228,MATCH(35,Data!$J$2:$J$228,0)),"")
B41: =IFERROR(INDEX(Data!$A$2:$A$228,MATCH(36,Data!$J$2:$J$228,0)),"") | C41: =IFERROR(INDEX(Data!$B$2:$B$228,MATCH(36,Data!$J$2:$J$228,0)),"") | D41: =IFERROR(INDEX(Data!$C$2:$C$228,MATCH(36,Data!$J$2:$J$228,0)),"") | E41: =IFERROR(INDEX(Data!$D$2:$D$228,MATCH(36,Data!$J$2:$J$228,0)),"") | F41: =IFERROR(INDEX(Data!$E$2:$E$228,MATCH(36,Data!$J$2:$J$228,0)),"") | G41: =IFERROR(INDEX(Data!$F$2:$F$228,MATCH(36,Data!$J$2:$J$228,0)),"") | H41: =IFERROR(INDEX(Data!$G$2:$G$228,MATCH(36,Data!$J$2:$J$228,0)),"") | I41: =IFERROR(INDEX(Data!$H$2:$H$228,MATCH(36,Data!$J$2:$J$228,0)),"")
B42: =IFERROR(INDEX(Data!$A$2:$A$228,MATCH(37,Data!$J$2:$J$228,0)),"") | C42: =IFERROR(INDEX(Data!$B$2:$B$228,MATCH(37,Data!$J$2:$J$228,0)),"") | D42: =IFERROR(INDEX(Data!$C$2:$C$228,MATCH(37,Data!$J$2:$J$228,0)),"") | E42: =IFERROR(INDEX(Data!$D$2:$D$228,MATCH(37,Data!$J$2:$J$228,0)),"") | F42: =IFERROR(INDEX(Data!$E$2:$E$228,MATCH(37,Data!$J$2:$J$228,0)),"") | G42: =IFERROR(INDEX(Data!$F$2:$F$228,MATCH(37,Data!$J$2:$J$228,0)),"") | H42: =IFERROR(INDEX(Data!$G$2:$G$228,MATCH(37,Data!$J$2:$J$228,0)),"") | I42: =IFERROR(INDEX(Data!$H$2:$H$228,MATCH(37,Data!$J$2:$J$228,0)),"")
B43: =IFERROR(INDEX(Data!$A$2:$A$228,MATCH(38,Data!$J$2:$J$228,0)),"") | C43: =IFERROR(INDEX(Data!$B$2:$B$228,MATCH(38,Data!$J$2:$J$228,0)),"") | D43: =IFERROR(INDEX(Data!$C$2:$C$228,MATCH(38,Data!$J$2:$J$228,0)),"") | E43: =IFERROR(INDEX(Data!$D$2:$D$228,MATCH(38,Data!$J$2:$J$228,0)),"") | F43: =IFERROR(INDEX(Data!$E$2:$E$228,MATCH(38,Data!$J$2:$J$228,0)),"") | G43: =IFERROR(INDEX(Data!$F$2:$F$228,MATCH(38,Data!$J$2:$J$228,0)),"") | H43: =IFERROR(INDEX(Data!$G$2:$G$228,MATCH(38,Data!$J$2:$J$228,0)),"") | I43: =IFERROR(INDEX(Data!$H$2:$H$228,MATCH(38,Data!$J$2:$J$228,0)),"")
B44: =IFERROR(INDEX(Data!$A$2:$A$228,MATCH(39,Data!$J$2:$J$228,0)),"") | C44: =IFERROR(INDEX(Data!$B$2:$B$228,MATCH(39,Data!$J$2:$J$228,0)),"") | D44: =IFERROR(INDEX(Data!$C$2:$C$228,MATCH(39,Data!$J$2:$J$228,0)),"") | E44: =IFERROR(INDEX(Data!$D$2:$D$228,MATCH(39,Data!$J$2:$J$228,0)),"") | F44: =IFERROR(INDEX(Data!$E$2:$E$228,MATCH(39,Data!$J$2:$J$228,0)),"") | G44: =IFERROR(INDEX(Data!$F$2:$F$228,MATCH(39,Data!$J$2:$J$228,0)),"") | H44: =IFERROR(INDEX(Data!$G$2:$G$228,MATCH(39,Data!$J$2:$J$228,0)),"") | I44: =IFERROR(INDEX(Data!$H$2:$H$228,MATCH(39,Data!$J$2:$J$228,0)),"")
B45: =IFERROR(INDEX(Data!$A$2:$A$228,MATCH(40,Data!$J$2:$J$228,0)),"") | C45: =IFERROR(INDEX(Data!$B$2:$B$228,MATCH(40,Data!$J$2:$J$228,0)),"") | D45: =IFERROR(INDEX(Data!$C$2:$C$228,MATCH(40,Data!$J$2:$J$228,0)),"") | E45: =IFERROR(INDEX(Data!$D$2:$D$228,MATCH(40,Data!$J$2:$J$228,0)),"") | F45: =IFERROR(INDEX(Data!$E$2:$E$228,MATCH(40,Data!$J$2:$J$228,0)),"") | G45: =IFERROR(INDEX(Data!$F$2:$F$228,MATCH(40,Data!$J$2:$J$228,0)),"") | H45: =IFERROR(INDEX(Data!$G$2:$G$228,MATCH(40,Data!$J$2:$J$228,0)),"") | I45: =IFERROR(INDEX(Data!$H$2:$H$228,MATCH(40,Data!$J$2:$J$228,0)),"")
B47: Showing up to 40 matches. For more, filter the Data sheet. Procurement reference only — not clinical guidance; substitutions need P&T / clinician approval and registration checks.

Sheet Data
A1: Generic | B1: Therapeutic class | C1: Common forms & strengths | D1: Alternatives (same class / therapeutic) | E1: Brand examples — India | F1: Brand examples — UAE / GCC | G1: ATC | H1: Procurement note | I1: match | J1: n
A2: 5-Fluorouracil | B2: Antimetabolite chemotherapy | C2: 250 mg/5 ml, 500 mg/10 ml inj | D2: Capecitabine (oral prodrug) | E2: Fluracil, 5-FU (various) | F2: 5-FU (various) | G2: L01BC02 | H2: Cytotoxic. | I2: =IF(Lookup!$B$3="",FALSE(),ISNUMBER(SEARCH(Lookup!$B$3,A2&" "&B2&" "&D2&" "&E2&" "&F2))) -> FALSE | J2: =IF(I2,COUNTIF($I$2:I2,TRUE()),"")
A3: Acyclovir | B3: Antiviral | C3: 400/800 mg tab; 250/500 mg inj; 5% cream | D3: Valacyclovir (oral); Famciclovir | E3: Zovirax, Acivir | F3: Zovirax, Acyclovir (various) | G3: J05AB01 | I3: =IF(Lookup!$B$3="",FALSE(),ISNUMBER(SEARCH(Lookup!$B$3,A3&" "&B3&" "&D3&" "&E3&" "&F3))) -> FALSE | J3: =IF(I3,COUNTIF($I$2:I3,TRUE()),"")
A4: Adalimumab | B4: TNF inhibitor | C4: 40 mg prefilled pen/syringe | D4: Adalimumab biosimilars; Etanercept; Infliximab | E4: Exemptia, Adfrar (biosimilars) | F4: Humira, Hyrimoz/Idacio (biosimilars) | G4: L04AB04 | H4: Biosimilar switch programmes save 40–70%. | I4: =IF(Lookup!$B$3="",FALSE(),ISNUMBER(SEARCH(Lookup!$B$3,A4&" "&B4&" "&D4&" "&E4&" "&F4))) -> FALSE | J4: =IF(I4,COUNTIF($I$2:I4,TRUE()),"")
A5: Adrenaline (epinephrine) | B5: Vasopressor / emergency | C5: 1 mg/ml inj; auto-injector | D5: Noradrenaline (vasopressor); (emergency use unique) | E5: Adrenaline (various), Vasocon | F5: Adrenaline (various), EpiPen (auto-injector) | G5: C01CA24 | H5: Crash-cart item — expiry management critical. | I5: =IF(Lookup!$B$3="",FALSE(),ISNUMBER(SEARCH(Lookup!$B$3,A5&" "&B5&" "&D5&" "&E5&" "&F5))) -> FALSE | J5: =IF(I5,COUNTIF($I$2:I5,TRUE()),"")
A6: Albendazole | B6: Anthelmintic | C6: 400 mg tab; suspension | D6: Mebendazole; Ivermectin (per indication) | E6: Zentel, Bandy | F6: Zentel, Albendazole (various) | G6: P02CA03 | I6: =IF(Lookup!$B$3="",FALSE(),ISNUMBER(SEARCH(Lookup!$B$3,A6&" "&B6&" "&D6&" "&E6&" "&F6))) -> FALSE | J6: =IF(I6,COUNTIF($I$2:I6,TRUE()),"")
A7: Albumin 20% | B7: Plasma expander | C7: 50/100 ml | D7: Albumin 5%; Synthetic colloids (restricted) | E7: Albumin (various), Alburel | F7: Albumin (various), Albutein | G7: B05AA01 | H7: Plasma-derived; cold chain; batch documentation. | I7: =IF(Lookup!$B$3="",FALSE(),ISNUMBER(SEARCH(Lookup!$B$3,A7&" "&B7&" "&D7&" "&E7&" "&F7))) -> FALSE | J7: =IF(I7,COUNTIF($I$2:I7,TRUE()),"")
A8: Allopurinol | B8: Xanthine oxidase inhibitor | C8: 100/300 mg tab | D8: Febuxostat | E8: Zyloric, Zyloprim | F8: Zyloric, Allopurinol (various) | G8: M04AA01 | I8: =IF(Lookup!$B$3="",FALSE(),ISNUMBER(SEARCH(Lookup!$B$3,A8&" "&B8&" "&D8&" "&E8&" "&F8))) -> FALSE | J8: =IF(I8,COUNTIF($I$2:I8,TRUE()),"")
A9: Alprazolam | B9: Benzodiazepine (anxiolytic) | C9: 0.25/0.5/1 mg tab | D9: Lorazepam; Clonazepam; Diazepam | E9: Alprax, Restyl | F9: Xanax | G9: N05BA12 | H9: Controlled. | I9: =IF(Lookup!$B$3="",FALSE(),ISNUMBER(SEARCH(Lookup!$B$3,A9&" "&B9&" "&D9&" "&E9&" "&F9))) -> FALSE | J9: =IF(I9,COUNTIF($I$2:I9,TRUE()),"")
A10: Amikacin | B10: Aminoglycoside antibiotic | C10: 500 mg/2 ml inj | D10: Gentamicin; Tobramycin | E10: Mikacin, Amicin | F10: Amikin, Amikacin (various) | G10: J01GB06 | I10: =IF(Lookup!$B$3="",FALSE(),ISNUMBER(SEARCH(Lookup!$B$3,A10&" "&B10&" "&D10&" "&E10&" "&F10))) -> FALSE | J10: =IF(I10,COUNTIF($I$2:I10,TRUE()),"")
A11: Amiodarone | B11: Antiarrhythmic | C11: 100/200 mg tab; 150 mg/3 ml inj | D11: (Limited) Flecainide / sotalol per indication | E11: Cordarone, Amiodar | F11: Cordarone, Amiodarone (various) | G11: C01BD01 | I11: =IF(Lookup!$B$3="",FALSE(),ISNUMBER(SEARCH(Lookup!$B$3,A11&" "&B11&" "&D11&" "&E11&" "&F11))) -> FALSE | J11: =IF(I11,COUNTIF($I$2:I11,TRUE()),"")
A12: Amitriptyline | B12: Tricyclic antidepressant | C12: 10/25/75 mg tab | D12: Nortriptyline; Duloxetine (pain) | E12: Tryptomer, Amitor | F12: Tryptizol, Amitriptyline (various) | G12: N06AA09 | I12: =IF(Lookup!$B$3="",FALSE(),ISNUMBER(SEARCH(Lookup!$B$3,A12&" "&B12&" "&D12&" "&E12&" "&F12))) -> FALSE | J12: =IF(I12,COUNTIF($I$2:I12,TRUE()),"")
A13: Amlodipine | B13: Calcium channel blocker | C13: 2.5/5/10 mg tab | D13: Nifedipine (ER); Cilnidipine; Felodipine | E13: Amlong, Amlokind, Stamlo | F13: Norvasc, Amlor | G13: C08CA01 | H13: Commodity generic. | I13: =IF(Lookup!$B$3="",FALSE(),ISNUMBER(SEARCH(Lookup!$B$3,A13&" "&B13&" "&D13&" "&E13&" "&F13))) -> FALSE | J13: =IF(I13,COUNTIF($I$2:I13,TRUE()),"")
A14: Amoxicillin | B14: Penicillin antibiotic | C14: 250/500 mg cap; 125–250 mg/5 ml susp | D14: Amoxicillin-clavulanate; Cefalexin; Azithromycin (per indication) | E14: Mox, Novamox | F14: Amoxil, Julphamox | G14: J01CA04 | I14: =IF(Lookup!$B$3="",FALSE(),ISNUMBER(SEARCH(Lookup!$B$3,A14&" "&B14&" "&D14&" "&E14&" "&F14))) -> FALSE | J14: =IF(I14,COUNTIF($I$2:I14,TRUE()),"")
A15: Amoxicillin-clavulanate | B15: Penicillin + beta-lactamase inhibitor | C15: 625 mg, 1 g tab; 1.2 g inj; 228–457 mg/5 ml susp | D15: Cefuroxime; Ampicillin-sulbactam; Piperacillin-tazobactam (severe) | E15: Augmentin, Clavam, Moxikind-CV | F15: Augmentin, Curam, Klavox | G15: J01CR02 | H15: Highest-spend oral antibiotic in most hospitals; generic availability wide. | I15: =IF(Lookup!$B$3="",FALSE(),ISNUMBER(SEARCH(Lookup!$B$3,A15&" "&B15&" "&D15&" "&E15&" "&F15))) -> FALSE | J15: =IF(I15,COUNTIF($I$2:I15,TRUE()),"")
A16: Amphotericin B (liposomal) | B16: Polyene antifungal | C16: 50 mg inj | D16: Conventional amphotericin B; Caspofungin / Micafungin | E16: AmBisome, Fungisome | F16: AmBisome | G16: J02AA01 | H16: Specialist; cold chain. | I16: =IF(Lookup!$B$3="",FALSE(),ISNUMBER(SEARCH(Lookup!$B$3,A16&" "&B16&" "&D16&" "&E16&" "&F16))) -> FALSE | J16: =IF(I16,COUNTIF($I$2:I16,TRUE()),"")
A17: Anti-D immunoglobulin | B17: Immunoglobulin | C17: 300 mcg (1500 IU) inj | D17: (Product-specific) | E17: Rhoclone, Rhogam | F17: Rhophylac, Rhogam | G17: J06BB01 | H17: Cold chain; obstetrics. | I17: =IF(Lookup!$B$3="",FALSE(),ISNUMBER(SEARCH(Lookup!$B$3,A17&" "&B17&" "&D17&" "&E17&" "&F17))) -> FALSE | J17: =IF(I17,COUNTIF($I$2:I17,TRUE()),"")
A18: Apixaban | B18: Direct oral anticoagulant | C18: 2.5/5 mg tab | D18: Rivaroxaban; Dabigatran; Warfarin | E18: Eliquis, Apixabid | F18: Eliquis | G18: B01AF02 | H18: Generics in India; originator in GCC — large price gap. | I18: =IF(Lookup!$B$3="",FALSE(),ISNUMBER(SEARCH(Lookup!$B$3,A18&" "&B18&" "&D18&" "&E18&" "&F18))) -> FALSE | J18: =IF(I18,COUNTIF($I$2:I18,TRUE()),"")
A19: Artemether-lumefantrine | B19: Antimalarial (ACT) | C19: 20/120 mg tab | D19: Artesunate (IV, severe); Artesunate-mefloquine | E19: Lumerax, Lumartem | F19: Coartem, Riamet | G19: P01BF01 | I19: =IF(Lookup!$B$3="",FALSE(),ISNUMBER(SEARCH(Lookup!$B$3,A19&" "&B19&" "&D19&" "&E19&" "&F19))) -> FALSE | J19: =IF(I19,COUNTIF($I$2:I19,TRUE()),"")
A20: Artesunate | B20: Antimalarial (severe) | C20: 60 mg inj; 50/100 mg tab | D20: Quinine (IV); Artemether (IM) | E20: Falcigo, Larinate | F20: Artesunate (various) | G20: P01BE03 | I20: =IF(Lookup!$B$3="",FALSE(),ISNUMBER(SEARCH(Lookup!$B$3,A20&" "&B20&" "&D20&" "&E20&" "&F20))) -> FALSE | J20: =IF(I20,COUNTIF($I$2:I20,TRUE()),"")
A21: Aspirin (low dose) | B21: Antiplatelet | C21: 75/81/100/150 mg tab | D21: Clopidogrel (where aspirin not tolerated) | E21: Ecosprin, Loprin | F21: Aspirin Protect, Jusprin | G21: B01AC06 | I21: =IF(Lookup!$B$3="",FALSE(),ISNUMBER(SEARCH(Lookup!$B$3,A21&" "&B21&" "&D21&" "&E21&" "&F21))) -> FALSE | J21: =IF(I21,COUNTIF($I$2:I21,TRUE()),"")
A22: Atenolol | B22: Beta blocker | C22: 25/50/100 mg tab | D22: Metoprolol; Bisoprolol | E22: Aten, Tenormin | F22: Tenormin | G22: C07AB03 | I22: =IF(Lookup!$B$3="",FALSE(),ISNUMBER(SEARCH(Lookup!$B$3,A22&" "&B22&" "&D22&" "&E22&" "&F22))) -> FALSE | J22: =IF(I22,COUNTIF($I$2:I22,TRUE()),"")
A23: Atorvastatin | B23: Statin | C23: 10/20/40/80 mg tab | D23: Rosuvastatin; Simvastatin; Pravastatin | E23: Atorva, Lipicure, Storvas | F23: Lipitor, Atorvastatin (various) | G23: C10AA05 | H23: Commodity generic — tender per 10 mg-equivalent. | I23: =IF(Lookup!$B$3="",FALSE(),ISNUMBER(SEARCH(Lookup!$B$3,A23&" "&B23&" "&D23&" "&E23&" "&F23))) -> FALSE | J23: =IF(I23,COUNTIF($I$2:I23,TRUE()),"")
A24: Atracurium | B24: Neuromuscular blocker | C24: 10 mg/ml inj | D24: Cisatracurium; Rocuronium; Vecuronium | E24: Tracrium, Atrabim | F24: Tracrium, Atracurium (various) | G24: M03AC04 | H24: Cold chain. | I24: =IF(Lookup!$B$3="",FALSE(),ISNUMBER(SEARCH(Lookup!$B$3,A24&" "&B24&" "&D24&" "&E24&" "&F24))) -> FALSE | J24: =IF(I24,COUNTIF($I$2:I24,TRUE()),"")
A25: Atropine | B25: Anticholinergic | C25: 0.6 mg/ml, 1 mg/ml inj; 1% eye drops | D25: Glycopyrrolate (anaesthesia) | E25: Atropine (various) | F25: Atropine (various) | G25: A03BA01 | H25: Crash-cart item. | I25: =IF(Lookup!$B$3="",FALSE(),ISNUMBER(SEARCH(Lookup!$B$3,A25&" "&B25&" "&D25&" "&E25&" "&F25))) -> FALSE | J25: =IF(I25,COUNTIF($I$2:I25,TRUE()),"")
A26: Azithromycin | B26: Macrolide antibiotic | C26: 250/500 mg tab; 500 mg inj; 200 mg/5 ml susp | D26: Clarithromycin; Doxycycline (per indication) | E26: Azithral, Zithrox | F26: Zithromax, Azomax | G26: J01FA10 | I26: =IF(Lookup!$B$3="",FALSE(),ISNUMBER(SEARCH(Lookup!$B$3,A26&" "&B26&" "&D26&" "&E26&" "&F26))) -> FALSE | J26: =IF(I26,COUNTIF($I$2:I26,TRUE()),"")
A27: Bevacizumab | B27: VEGF monoclonal antibody | C27: 100/400 mg inj | D27: Bevacizumab biosimilars; Ranibizumab/aflibercept (ophthalmic use) | E27: Bevacirel, Abevmy (biosimilars) | F27: Avastin, Mvasi (biosimilar) | G27: L01FG01 | H27: Biosimilars. | I27: =IF(Lookup!$B$3="",FALSE(),ISNUMBER(SEARCH(Lookup!$B$3,A27&" "&B27&" "&D27&" "&E27&" "&F27))) -> FALSE | J27: =IF(I27,COUNTIF($I$2:I27,TRUE()),"")
A28: Bisoprolol | B28: Beta blocker | C28: 2.5/5/10 mg tab | D28: Metoprolol; Carvedilol; Nebivolol | E28: Concor, Bisoheart | F28: Concor | G28: C07AB07 | I28: =IF(Lookup!$B$3="",FALSE(),ISNUMBER(SEARCH(Lookup!$B$3,A28&" "&B28&" "&D28&" "&E28&" "&F28))) -> FALSE | J28: =IF(I28,COUNTIF($I$2:I28,TRUE()),"")
A29: Budesonide | B29: Inhaled corticosteroid | C29: 100/200/400 mcg inhaler; 0.5/1 mg nebule | D29: Fluticasone; Beclometasone; Mometasone | E29: Budecort, Pulmicort | F29: Pulmicort, Budecort | G29: R03BA02 | I29: =IF(Lookup!$B$3="",FALSE(),ISNUMBER(SEARCH(Lookup!$B$3,A29&" "&B29&" "&D29&" "&E29&" "&F29))) -> FALSE | J29: =IF(I29,COUNTIF($I$2:I29,TRUE()),"")
A30: Budesonide-formoterol | B30: ICS + LABA inhaler | C30: 160/4.5, 320/9 mcg | D30: Fluticasone-salmeterol; Fluticasone-vilanterol; Beclometasone-formoterol | E30: Foracort, Symbicort | F30: Symbicort, Vannair | G30: R03AK07 | I30: =IF(Lookup!$B$3="",FALSE(),ISNUMBER(SEARCH(Lookup!$B$3,A30&" "&B30&" "&D30&" "&E30&" "&F30))) -> FALSE | J30: =IF(I30,COUNTIF($I$2:I30,TRUE()),"")
A31: Bupivacaine | B31: Local anaesthetic | C31: 0.25%/0.5% inj; 0.5% heavy (spinal) | D31: Ropivacaine; Levobupivacaine | E31: Sensorcaine, Anawin | F31: Marcaine, Bupivacaine (various) | G31: N01BB01 | H31: Spinal 'heavy' presentation is the obstetric volume item. | I31: =IF(Lookup!$B$3="",FALSE(),ISNUMBER(SEARCH(Lookup!$B$3,A31&" "&B31&" "&D31&" "&E31&" "&F31))) -> FALSE | J31: =IF(I31,COUNTIF($I$2:I31,TRUE()),"")
A32: Calcium carbonate + vitamin D3 | B32: Mineral supplement | C32: 500 mg/250 IU tab | D32: Calcium citrate + D3 | E32: Shelcal, Calcimax | F32: Caltrate, Calcichew-D3 | G32: A12AX | I32: =IF(Lookup!$B$3="",FALSE(),ISNUMBER(SEARCH(Lookup!$B$3,A32&" "&B32&" "&D32&" "&E32&" "&F32))) -> FALSE | J32: =IF(I32,COUNTIF($I$2:I32,TRUE()),"")
A33: Capecitabine | B33: Antimetabolite chemotherapy (oral) | C33: 500 mg tab | D33: 5-Fluorouracil (IV) | E33: Capiibine, Xeloda | F33: Xeloda, Capecitabine (various) | G33: L01BC06 | I33: =IF(Lookup!$B$3="",FALSE(),ISNUMBER(SEARCH(Lookup!$B$3,A33&" "&B33&" "&D33&" "&E33&" "&F33))) -> FALSE | J33: =IF(I33,COUNTIF($I$2:I33,TRUE()),"")
A34: Carbamazepine | B34: Antiepileptic | C34: 200/400 mg tab (CR); syrup | D34: Oxcarbazepine; Levetiracetam; Valproate | E34: Tegretol, Zeptol | F34: Tegretol, Carbamazepine (various) | G34: N03AF01 | I34: =IF(Lookup!$B$3="",FALSE(),ISNUMBER(SEARCH(Lookup!$B$3,A34&" "&B34&" "&D34&" "&E34&" "&F34))) -> FALSE | J34: =IF(I34,COUNTIF($I$2:I34,TRUE()),"")
A35: Carbetocin | B35: Uterotonic (long-acting) | C35: 100 mcg/ml inj | D35: Oxytocin | E35: Duratocin, Carbetocin (various) | F35: Duratocin, Pabal | G35: H01BB03 | H35: Heat-stable formulation reduces cold-chain cost. | I35: =IF(Lookup!$B$3="",FALSE(),ISNUMBER(SEARCH(Lookup!$B$3,A35&" "&B35&" "&D35&" "&E35&" "&F35))) -> FALSE | J35: =IF(I35,COUNTIF($I$2:I35,TRUE()),"")
A36: Carbimazole | B36: Antithyroid | C36: 5/10/20 mg tab | D36: Methimazole; Propylthiouracil | E36: Neomercazole, Thyrocab | F36: Neomercazole | G36: H03BB01 | I36: =IF(Lookup!$B$3="",FALSE(),ISNUMBER(SEARCH(Lookup!$B$3,A36&" "&B36&" "&D36&" "&E36&" "&F36))) -> FALSE | J36: =IF(I36,COUNTIF($I$2:I36,TRUE()),"")
A37: Carboplatin | B37: Platinum chemotherapy | C37: 150/450 mg inj | D37: Cisplatin (protocol-specific) | E37: Carboplat, Kemocarb | F37: Carboplatin (various), Paraplatin | G37: L01XA02 | H37: Cytotoxic. | I37: =IF(Lookup!$B$3="",FALSE(),ISNUMBER(SEARCH(Lookup!$B$3,A37&" "&B37&" "&D37&" "&E37&" "&F37))) -> FALSE | J37: =IF(I37,COUNTIF($I$2:I37,TRUE()),"")
A38: Carboxymethylcellulose (eye) | B38: Lubricant eye drops | C38: 0.5%/1% drops | D38: Hypromellose; Polyethylene glycol/propylene glycol; Sodium hyaluronate | E38: Refresh Tears, Lubrex | F38: Refresh Tears, Optive, Systane | G38: S01XA20 | I38: =IF(Lookup!$B$3="",FALSE(),ISNUMBER(SEARCH(Lookup!$B$3,A38&" "&B38&" "&D38&" "&E38&" "&F38))) -> FALSE | J38: =IF(I38,COUNTIF($I$2:I38,TRUE()),"")
A39: Carvedilol | B39: Beta blocker (alpha/beta) | C39: 3.125/6.25/12.5/25 mg tab | D39: Bisoprolol; Metoprolol succinate | E39: Cardivas, Carca | F39: Dilatrend, Carvedil | G39: C07AG02 | I39: =IF(Lookup!$B$3="",FALSE(),ISNUMBER(SEARCH(Lookup!$B$3,A39&" "&B39&" "&D39&" "&E39&" "&F39))) -> FALSE | J39: =IF(I39,COUNTIF($I$2:I39,TRUE()),"")
A40: Caspofungin | B40: Echinocandin antifungal | C40: 50/70 mg inj | D40: Micafungin; Anidulafungin | E40: Cancidas, Caspof | F40: Cancidas | G40: J02AX04 | I40: =IF(Lookup!$B$3="",FALSE(),ISNUMBER(SEARCH(Lookup!$B$3,A40&" "&B40&" "&D40&" "&E40&" "&F40))) -> FALSE | J40: =IF(I40,COUNTIF($I$2:I40,TRUE()),"")
A41: Cefalexin | B41: 1st-gen cephalosporin | C41: 250/500 mg cap; 125–250 mg/5 ml susp | D41: Cefadroxil; Amoxicillin-clavulanate | E41: Sporidex, Phexin | F41: Keflex, Ceporex | G41: J01DB01 | I41: =IF(Lookup!$B$3="",FALSE(),ISNUMBER(SEARCH(Lookup!$B$3,A41&" "&B41&" "&D41&" "&E41&" "&F41))) -> FALSE | J41: =IF(I41,COUNTIF($I$2:I41,TRUE()),"")
A42: Cefepime | B42: 4th-gen cephalosporin | C42: 500 mg, 1 g, 2 g inj | D42: Ceftazidime; Piperacillin-tazobactam; Meropenem (reserve) | E42: Cepime, Maxipime | F42: Maxipime, Cefepime (various) | G42: J01DE01 | I42: =IF(Lookup!$B$3="",FALSE(),ISNUMBER(SEARCH(Lookup!$B$3,A42&" "&B42&" "&D42&" "&E42&" "&F42))) -> FALSE | J42: =IF(I42,COUNTIF($I$2:I42,TRUE()),"")
A43: Cefixime | B43: 3rd-gen oral cephalosporin | C43: 200/400 mg tab; 50–100 mg/5 ml susp | D43: Cefpodoxime; Cefuroxime | E43: Taxim-O, Zifi | F43: Suprax, Cefix | G43: J01DD08 | I43: =IF(Lookup!$B$3="",FALSE(),ISNUMBER(SEARCH(Lookup!$B$3,A43&" "&B43&" "&D43&" "&E43&" "&F43))) -> FALSE | J43: =IF(I43,COUNTIF($I$2:I43,TRUE()),"")
A44: Cefotaxime | B44: 3rd-gen cephalosporin | C44: 500 mg, 1 g inj | D44: Ceftriaxone | E44: Taxim, Claforan | F44: Claforan, Cefotax | G44: J01DD01 | I44: =IF(Lookup!$B$3="",FALSE(),ISNUMBER(SEARCH(Lookup!$B$3,A44&" "&B44&" "&D44&" "&E44&" "&F44))) -> FALSE | J44: =IF(I44,COUNTIF($I$2:I44,TRUE()),"")
A45: Cefpodoxime | B45: 3rd-gen oral cephalosporin | C45: 100/200 mg tab; 50–100 mg/5 ml susp | D45: Cefixime; Cefuroxime | E45: Cepodem, Monocef-O | F45: Orelox, Cefpodox | G45: J01DD13 | I45: =IF(Lookup!$B$3="",FALSE(),ISNUMBER(SEARCH(Lookup!$B$3,A45&" "&B45&" "&D45&" "&E45&" "&F45))) -> FALSE | J45: =IF(I45,COUNTIF($I$2:I45,TRUE()),"")
A46: Ceftazidime | B46: 3rd-gen cephalosporin (anti-pseudomonal) | C46: 500 mg, 1 g, 2 g inj | D46: Cefepime; Piperacillin-tazobactam | E46: Fortum, Cefzid | F46: Fortum, Zidime | G46: J01DD02 | I46: =IF(Lookup!$B$3="",FALSE(),ISNUMBER(SEARCH(Lookup!$B$3,A46&" "&B46&" "&D46&" "&E46&" "&F46))) -> FALSE | J46: =IF(I46,COUNTIF($I$2:I46,TRUE()),"")
A47: Ceftriaxone | B47: 3rd-gen cephalosporin | C47: 250 mg, 500 mg, 1 g, 2 g inj | D47: Cefotaxime; Cefepime (4th gen); Cefuroxime | E47: Monocef, Oframax | F47: Rocephin, Ceftriaxone (various) | G47: J01DD04 | H47: Top-5 injectable antibiotic by volume; benchmark per gram. | I47: =IF(Lookup!$B$3="",FALSE(),ISNUMBER(SEARCH(Lookup!$B$3,A47&" "&B47&" "&D47&" "&E47&" "&F47))) -> FALSE | J47: =IF(I47,COUNTIF($I$2:I47,TRUE()),"")
A48: Cefuroxime | B48: 2nd-gen cephalosporin | C48: 250/500 mg tab; 750 mg/1.5 g inj | D48: Cefalexin; Ceftriaxone (parenteral) | E48: Ceftum, Zinacef | F48: Zinnat, Zinacef | G48: J01DC02 | I48: =IF(Lookup!$B$3="",FALSE(),ISNUMBER(SEARCH(Lookup!$B$3,A48&" "&B48&" "&D48&" "&E48&" "&F48))) -> FALSE | J48: =IF(I48,COUNTIF($I$2:I48,TRUE()),"")
A49: Cetirizine | B49: Antihistamine (2nd gen) | C49: 10 mg tab; 5 mg/5 ml syrup | D49: Levocetirizine; Loratadine; Fexofenadine; Desloratadine | E49: Cetzine, Alerid | F49: Zyrtec, Cetirizine (various) | G49: R06AE07 | I49: =IF(Lookup!$B$3="",FALSE(),ISNUMBER(SEARCH(Lookup!$B$3,A49&" "&B49&" "&D49&" "&E49&" "&F49))) -> FALSE | J49: =IF(I49,COUNTIF($I$2:I49,TRUE()),"")
A50: Chlorhexidine | B50: Antiseptic | C50: 2%/4% solution; 0.2% mouthwash; 2% in 70% alcohol | D50: Povidone-iodine; Alcohol-based antiseptics | E50: Hexidine, Chlorhex | F50: Hibiscrub, Chlorhexidine (various) | G50: D08AC02 | H50: Infection control volume; verify registration as drug vs disinfectant. | I50: =IF(Lookup!$B$3="",FALSE(),ISNUMBER(SEARCH(Lookup!$B$3,A50&" "&B50&" "&D50&" "&E50&" "&F50))) -> FALSE | J50: =IF(I50,COUNTIF($I$2:I50,TRUE()),"")
A51: Chlorpheniramine | B51: Antihistamine (1st gen) | C51: 4 mg tab; 10 mg/ml inj | D51: Promethazine; Diphenhydramine; Hydroxyzine | E51: Piriton, CPM | F51: Piriton, Histop | G51: R06AB04 | I51: =IF(Lookup!$B$3="",FALSE(),ISNUMBER(SEARCH(Lookup!$B$3,A51&" "&B51&" "&D51&" "&E51&" "&F51))) -> FALSE | J51: =IF(I51,COUNTIF($I$2:I51,TRUE()),"")
A52: Ciprofloxacin | B52: Fluoroquinolone antibiotic | C52: 250/500 mg tab; 200 mg/100 ml IV; 0.3% eye/ear drops | D52: Levofloxacin; Ofloxacin | E52: Ciplox, Cifran | F52: Ciprobay, Ciprolet | G52: J01MA02 | H52: Reserve-list in many stewardship programmes. | I52: =IF(Lookup!$B$3="",FALSE(),ISNUMBER(SEARCH(Lookup!$B$3,A52&" "&B52&" "&D52&" "&E52&" "&F52))) -> FALSE | J52: =IF(I52,COUNTIF($I$2:I52,TRUE()),"")
A53: Cisplatin | B53: Platinum chemotherapy | C53: 10/50 mg inj | D53: Carboplatin; Oxaliplatin (protocol-specific) | E53: Cisplat, Kemoplat | F53: Cisplatin (various) | G53: L01XA01 | H53: Cytotoxic. | I53: =IF(Lookup!$B$3="",FALSE(),ISNUMBER(SEARCH(Lookup!$B$3,A53&" "&B53&" "&D53&" "&E53&" "&F53))) -> FALSE | J53: =IF(I53,COUNTIF($I$2:I53,TRUE()),"")
A54: Clarithromycin | B54: Macrolide antibiotic | C54: 250/500 mg tab; 500 mg inj | D54: Azithromycin; Erythromycin | E54: Claribid, Clarimac | F54: Klacid, Clarimed | G54: J01FA09 | I54: =IF(Lookup!$B$3="",FALSE(),ISNUMBER(SEARCH(Lookup!$B$3,A54&" "&B54&" "&D54&" "&E54&" "&F54))) -> FALSE | J54: =IF(I54,COUNTIF($I$2:I54,TRUE()),"")
A55: Clindamycin | B55: Lincosamide antibiotic | C55: 150/300 mg cap; 600 mg/4 ml inj | D55: Metronidazole (anaerobes); Linezolid (gram-positive) | E55: Dalacin C, Clincin | F55: Dalacin C, Clindamycin (various) | G55: J01FF01 | I55: =IF(Lookup!$B$3="",FALSE(),ISNUMBER(SEARCH(Lookup!$B$3,A55&" "&B55&" "&D55&" "&E55&" "&F55))) -> FALSE | J55: =IF(I55,COUNTIF($I$2:I55,TRUE()),"")
A56: Clopidogrel | B56: Antiplatelet (P2Y12) | C56: 75 mg tab | D56: Ticagrelor; Prasugrel | E56: Clopilet, Deplatt, Plavix | F56: Plavix, Clopidogrel (various) | G56: B01AC04 | I56: =IF(Lookup!$B$3="",FALSE(),ISNUMBER(SEARCH(Lookup!$B$3,A56&" "&B56&" "&D56&" "&E56&" "&F56))) -> FALSE | J56: =IF(I56,COUNTIF($I$2:I56,TRUE()),"")
A57: Clotrimazole | B57: Topical / vaginal antifungal | C57: 1% cream; 100/200/500 mg pessary; mouth paint | D57: Miconazole; Terbinafine (dermatophytes); Nystatin (oral) | E57: Candid, Clocip | F57: Canesten, Clotrimazole (various) | G57: D01AC01 | I57: =IF(Lookup!$B$3="",FALSE(),ISNUMBER(SEARCH(Lookup!$B$3,A57&" "&B57&" "&D57&" "&E57&" "&F57))) -> FALSE | J57: =IF(I57,COUNTIF($I$2:I57,TRUE()),"")
A58: Co-trimoxazole | B58: Sulfonamide + trimethoprim | C58: 800/160 mg tab; 240 mg/5 ml susp | D58: Nitrofurantoin (UTI); Doxycycline (per indication) | E58: Septran, Bactrim | F58: Septrin, Bactrim | G58: J01EE01 | I58: =IF(Lookup!$B$3="",FALSE(),ISNUMBER(SEARCH(Lookup!$B$3,A58&" "&B58&" "&D58&" "&E58&" "&F58))) -> FALSE | J58: =IF(I58,COUNTIF($I$2:I58,TRUE()),"")
A59: Contrast — gadobutrol | B59: MRI contrast (gadolinium) | C59: 1 mmol/ml, 7.5–15 ml | D59: Gadoterate; Gadoteridol (macrocyclic class) | E59: Gadovist | F59: Gadovist | G59: V08CA09 | I59: =IF(Lookup!$B$3="",FALSE(),ISNUMBER(SEARCH(Lookup!$B$3,A59&" "&B59&" "&D59&" "&E59&" "&F59))) -> FALSE | J59: =IF(I59,COUNTIF($I$2:I59,TRUE()),"")
A60: Contrast — gadoterate | B60: MRI contrast (gadolinium) | C60: 0.5 mmol/ml | D60: Gadobutrol; Gadoteridol | E60: Dotarem, Gadoterate (various) | F60: Dotarem, Clariscan | G60: V08CA02 | H60: Generic macrocyclic agents now available. | I60: =IF(Lookup!$B$3="",FALSE(),ISNUMBER(SEARCH(Lookup!$B$3,A60&" "&B60&" "&D60&" "&E60&" "&F60))) -> FALSE | J60: =IF(I60,COUNTIF($I$2:I60,TRUE()),"")
A61: Contrast — iohexol | B61: Iodinated contrast (non-ionic) | C61: 300/350 mgI/ml, 50–500 ml | D61: Iopamidol; Iodixanol (iso-osmolar); Iopromide | E61: Omnipaque, Iohexol (various) | F61: Omnipaque, Iohexol (various) | G61: V08AB02 | H61: Radiology volume; benchmark per gram iodine. | I61: =IF(Lookup!$B$3="",FALSE(),ISNUMBER(SEARCH(Lookup!$B$3,A61&" "&B61&" "&D61&" "&E61&" "&F61))) -> FALSE | J61: =IF(I61,COUNTIF($I$2:I61,TRUE()),"")
A62: Contrast — iopamidol | B62: Iodinated contrast (non-ionic) | C62: 300/370 mgI/ml | D62: Iohexol; Iodixanol; Iopromide | E62: Iopamiro, Scanlux | F62: Iopamiro, Scanlux | G62: V08AB04 | I62: =IF(Lookup!$B$3="",FALSE(),ISNUMBER(SEARCH(Lookup!$B$3,A62&" "&B62&" "&D62&" "&E62&" "&F62))) -> FALSE | J62: =IF(I62,COUNTIF($I$2:I62,TRUE()),"")
A63: Cyclophosphamide | B63: Alkylating agent | C63: 500 mg, 1 g inj; 50 mg tab | D63: (Protocol-specific; Ifosfamide in some regimens) | E63: Endoxan, Cycloxan | F63: Endoxan, Cyclophosphamide (various) | G63: L01AA01 | H63: Cytotoxic — closed-system handling and waste cost. | I63: =IF(Lookup!$B$3="",FALSE(),ISNUMBER(SEARCH(Lookup!$B$3,A63&" "&B63&" "&D63&" "&E63&" "&F63))) -> FALSE | J63: =IF(I63,COUNTIF($I$2:I63,TRUE()),"")
A64: Dapagliflozin | B64: SGLT2 inhibitor | C64: 5/10 mg tab | D64: Empagliflozin; Canagliflozin | E64: Forxiga, Dapanorm | F64: Forxiga | G64: A10BK01 | H64: Generics in India since 2020s — benchmark. | I64: =IF(Lookup!$B$3="",FALSE(),ISNUMBER(SEARCH(Lookup!$B$3,A64&" "&B64&" "&D64&" "&E64&" "&F64))) -> FALSE | J64: =IF(I64,COUNTIF($I$2:I64,TRUE()),"")
A65: Darbepoetin alfa | B65: Erythropoiesis-stimulating agent | C65: 25/40/60/100 mcg prefilled syringe | D65: Erythropoietin alfa (more frequent dosing) | E65: Aranesp, Cresp | F65: Aranesp | G65: B03XA02 | I65: =IF(Lookup!$B$3="",FALSE(),ISNUMBER(SEARCH(Lookup!$B$3,A65&" "&B65&" "&D65&" "&E65&" "&F65))) -> FALSE | J65: =IF(I65,COUNTIF($I$2:I65,TRUE()),"")
A66: Denosumab | B66: RANKL monoclonal antibody | C66: 60 mg (Prolia); 120 mg (Xgeva) | D66: Zoledronic acid | E66: Xgeva, Prolia; biosimilars emerging | F66: Prolia, Xgeva | G66: M05BX04 | H66: Biosimilars arriving — watch tenders. | I66: =IF(Lookup!$B$3="",FALSE(),ISNUMBER(SEARCH(Lookup!$B$3,A66&" "&B66&" "&D66&" "&E66&" "&F66))) -> FALSE | J66: =IF(I66,COUNTIF($I$2:I66,TRUE()),"")
A67: Dexamethasone | B67: Corticosteroid | C67: 0.5/4 mg tab; 4 mg/ml, 8 mg/2 ml inj | D67: Methylprednisolone; Hydrocortisone; Betamethasone | E67: Dexona, Decdan | F67: Dexamethasone (various), Decadron | G67: H02AB02 | H67: OT antiemetic/anti-inflammatory volume; cheap generic. | I67: =IF(Lookup!$B$3="",FALSE(),ISNUMBER(SEARCH(Lookup!$B$3,A67&" "&B67&" "&D67&" "&E67&" "&F67))) -> FALSE | J67: =IF(I67,COUNTIF($I$2:I67,TRUE()),"")
A68: Dextrose 5% / 10% | B68: IV fluid | C68: 500/1000 ml; 25% 100 ml | D68: Dextrose-saline combinations | E68: Dextrose (various) | F68: Dextrose (various) | G68: B05BA03 | I68: =IF(Lookup!$B$3="",FALSE(),ISNUMBER(SEARCH(Lookup!$B$3,A68&" "&B68&" "&D68&" "&E68&" "&F68))) -> FALSE | J68: =IF(I68,COUNTIF($I$2:I68,TRUE()),"")
A69: Diazepam | B69: Benzodiazepine | C69: 5/10 mg tab; 10 mg/2 ml inj; rectal gel | D69: Lorazepam; Midazolam; Clonazepam | E69: Valium, Calmpose | F69: Valium, Diazepam (various) | G69: N05BA01 | H69: Controlled. | I69: =IF(Lookup!$B$3="",FALSE(),ISNUMBER(SEARCH(Lookup!$B$3,A69&" "&B69&" "&D69&" "&E69&" "&F69))) -> FALSE | J69: =IF(I69,COUNTIF($I$2:I69,TRUE()),"")
A70: Diclofenac | B70: NSAID | C70: 50 mg tab; 75 mg/3 ml inj; 1% gel; 100 mg suppository | D70: Ibuprofen; Naproxen; Ketorolac (inj) | E70: Voveran, Diclomol | F70: Voltaren, Cataflam | G70: M01AB05 | H70: Injection and gel often tendered separately. | I70: =IF(Lookup!$B$3="",FALSE(),ISNUMBER(SEARCH(Lookup!$B$3,A70&" "&B70&" "&D70&" "&E70&" "&F70))) -> FALSE | J70: =IF(I70,COUNTIF($I$2:I70,TRUE()),"")
A71: Diclofenac + serratiopeptidase / combinations | B71: NSAID combination | C71: tab | D71: Plain NSAIDs (evidence for combinations limited) | E71: Various (India) | F71: Not registered in most GCC markets | G71: M01AB | H71: Rationalisation candidate in formulary reviews. | I71: =IF(Lookup!$B$3="",FALSE(),ISNUMBER(SEARCH(Lookup!$B$3,A71&" "&B71&" "&D71&" "&E71&" "&F71))) -> FALSE | J71: =IF(I71,COUNTIF($I$2:I71,TRUE()),"")
A72: Dobutamine | B72: Inotrope | C72: 250 mg/20 ml inj | D72: Milrinone; Dopamine | E72: Dobutamine (various), Dobutrex | F72: Dobutamine (various), Dobutrex | G72: C01CA07 | I72: =IF(Lookup!$B$3="",FALSE(),ISNUMBER(SEARCH(Lookup!$B$3,A72&" "&B72&" "&D72&" "&E72&" "&F72))) -> FALSE | J72: =IF(I72,COUNTIF($I$2:I72,TRUE()),"")
A73: Docetaxel | B73: Taxane chemotherapy | C73: 20/80/120 mg inj | D73: Paclitaxel (protocol-specific) | E73: Docetax, Taxotere | F73: Taxotere, Docetaxel (various) | G73: L01CD02 | H73: Cytotoxic. | I73: =IF(Lookup!$B$3="",FALSE(),ISNUMBER(SEARCH(Lookup!$B$3,A73&" "&B73&" "&D73&" "&E73&" "&F73))) -> FALSE | J73: =IF(I73,COUNTIF($I$2:I73,TRUE()),"")
A74: Domperidone | B74: Prokinetic antiemetic | C74: 10 mg tab; 1 mg/ml susp | D74: Metoclopramide | E74: Domstal, Vomistop | F74: Motilium, Motinorm | G74: A03FA03 | H74: Not registered in some markets (US); check. | I74: =IF(Lookup!$B$3="",FALSE(),ISNUMBER(SEARCH(Lookup!$B$3,A74&" "&B74&" "&D74&" "&E74&" "&F74))) -> FALSE | J74: =IF(I74,COUNTIF($I$2:I74,TRUE()),"")
A75: Donepezil | B75: Cholinesterase inhibitor | C75: 5/10 mg tab | D75: Rivastigmine; Galantamine; Memantine (add-on) | E75: Donep, Aricep | F75: Aricept, Donepezil (various) | G75: N06DA02 | I75: =IF(Lookup!$B$3="",FALSE(),ISNUMBER(SEARCH(Lookup!$B$3,A75&" "&B75&" "&D75&" "&E75&" "&F75))) -> FALSE | J75: =IF(I75,COUNTIF($I$2:I75,TRUE()),"")
A76: Dopamine | B76: Inotrope / vasopressor | C76: 200 mg/5 ml inj | D76: Noradrenaline; Dobutamine | E76: Dopamine (various), Intropin | F76: Dopamine (various) | G76: C01CA04 | I76: =IF(Lookup!$B$3="",FALSE(),ISNUMBER(SEARCH(Lookup!$B$3,A76&" "&B76&" "&D76&" "&E76&" "&F76))) -> FALSE | J76: =IF(I76,COUNTIF($I$2:I76,TRUE()),"")
A77: Doxorubicin | B77: Anthracycline chemotherapy | C77: 10/50 mg inj; liposomal 20 mg | D77: Epirubicin; Liposomal doxorubicin (cardiotoxicity profile) | E77: Adrim, Doxorubicin (various) | F77: Adriamycin, Caelyx (liposomal) | G77: L01DB01 | H77: Cytotoxic. | I77: =IF(Lookup!$B$3="",FALSE(),ISNUMBER(SEARCH(Lookup!$B$3,A77&" "&B77&" "&D77&" "&E77&" "&F77))) -> FALSE | J77: =IF(I77,COUNTIF($I$2:I77,TRUE()),"")
A78: Doxycycline | B78: Tetracycline antibiotic | C78: 100 mg cap/tab | D78: Minocycline; Azithromycin (per indication) | E78: Doxt, Minicycline | F78: Vibramycin, Doxycin | G78: J01AA02 | I78: =IF(Lookup!$B$3="",FALSE(),ISNUMBER(SEARCH(Lookup!$B$3,A78&" "&B78&" "&D78&" "&E78&" "&F78))) -> FALSE | J78: =IF(I78,COUNTIF($I$2:I78,TRUE()),"")
A79: Empagliflozin | B79: SGLT2 inhibitor | C79: 10/25 mg tab | D79: Dapagliflozin; Canagliflozin | E79: Jardiance, Empaone | F79: Jardiance | G79: A10BK03 | I79: =IF(Lookup!$B$3="",FALSE(),ISNUMBER(SEARCH(Lookup!$B$3,A79&" "&B79&" "&D79&" "&E79&" "&F79))) -> FALSE | J79: =IF(I79,COUNTIF($I$2:I79,TRUE()),"")
A80: Enalapril | B80: ACE inhibitor | C80: 2.5/5/10 mg tab | D80: Ramipril; Lisinopril; Perindopril | E80: Enam, Envas | F80: Renitec, Enalapril (various) | G80: C09AA02 | I80: =IF(Lookup!$B$3="",FALSE(),ISNUMBER(SEARCH(Lookup!$B$3,A80&" "&B80&" "&D80&" "&E80&" "&F80))) -> FALSE | J80: =IF(I80,COUNTIF($I$2:I80,TRUE()),"")
A81: Enoxaparin | B81: Low-molecular-weight heparin | C81: 20/40/60/80 mg prefilled syringe | D81: Dalteparin; Unfractionated heparin; Fondaparinux | E81: Clexane, Lomoh, Enoxion | F81: Clexane, Enoxaparin biosimilars | G81: B01AB05 | H81: Biosimilars widely available — high-value tender line. | I81: =IF(Lookup!$B$3="",FALSE(),ISNUMBER(SEARCH(Lookup!$B$3,A81&" "&B81&" "&D81&" "&E81&" "&F81))) -> FALSE | J81: =IF(I81,COUNTIF($I$2:I81,TRUE()),"")
A82: Ertapenem | B82: Carbapenem antibiotic | C82: 1 g inj | D82: Meropenem; Imipenem-cilastatin | E82: Invanz, Ertapen | F82: Invanz | G82: J01DH03 | H82: Once-daily; OPAT-friendly. | I82: =IF(Lookup!$B$3="",FALSE(),ISNUMBER(SEARCH(Lookup!$B$3,A82&" "&B82&" "&D82&" "&E82&" "&F82))) -> FALSE | J82: =IF(I82,COUNTIF($I$2:I82,TRUE()),"")
A83: Erythropoietin alfa | B83: Erythropoiesis-stimulating agent | C83: 2000/4000/10000 IU prefilled syringe | D83: Darbepoetin alfa; Epoetin beta; Methoxy PEG-epoetin beta | E83: Eprex, Wepox, Epofit | F83: Eprex, Binocrit (biosimilar) | G83: B03XA01 | H83: Biosimilars; dialysis volume. | I83: =IF(Lookup!$B$3="",FALSE(),ISNUMBER(SEARCH(Lookup!$B$3,A83&" "&B83&" "&D83&" "&E83&" "&F83))) -> FALSE | J83: =IF(I83,COUNTIF($I$2:I83,TRUE()),"")
A84: Escitalopram | B84: SSRI | C84: 5/10/20 mg tab | D84: Sertraline; Citalopram; Fluoxetine | E84: Nexito, Cipralex | F84: Cipralex, Escitalopram (various) | G84: N06AB10 | I84: =IF(Lookup!$B$3="",FALSE(),ISNUMBER(SEARCH(Lookup!$B$3,A84&" "&B84&" "&D84&" "&E84&" "&F84))) -> FALSE | J84: =IF(I84,COUNTIF($I$2:I84,TRUE()),"")
A85: Esomeprazole | B85: Proton pump inhibitor | C85: 20/40 mg tab; 40 mg inj | D85: Pantoprazole; Omeprazole; Rabeprazole | E85: Nexpro, Esoz | F85: Nexium, Esomax | G85: A02BC05 | I85: =IF(Lookup!$B$3="",FALSE(),ISNUMBER(SEARCH(Lookup!$B$3,A85&" "&B85&" "&D85&" "&E85&" "&F85))) -> TRUE | J85: =IF(I85,COUNTIF($I$2:I85,TRUE()),"") -> 1
A86: Etanercept | B86: TNF inhibitor | C86: 25/50 mg prefilled | D86: Etanercept biosimilars; Adalimumab | E86: Intacept, Etacept | F86: Enbrel, Erelzi (biosimilar) | G86: L04AB01 | I86: =IF(Lookup!$B$3="",FALSE(),ISNUMBER(SEARCH(Lookup!$B$3,A86&" "&B86&" "&D86&" "&E86&" "&F86))) -> FALSE | J86: =IF(I86,COUNTIF($I$2:I86,TRUE()),"")
A87: Famotidine | B87: H2 blocker | C87: 20/40 mg tab; 20 mg/2 ml inj | D87: PPIs; Ranitidine (where available) | E87: Famocid, Topcid | F87: Pepcid, Famodar | G87: A02BA03 | I87: =IF(Lookup!$B$3="",FALSE(),ISNUMBER(SEARCH(Lookup!$B$3,A87&" "&B87&" "&D87&" "&E87&" "&F87))) -> FALSE | J87: =IF(I87,COUNTIF($I$2:I87,TRUE()),"")
A88: Febuxostat | B88: Xanthine oxidase inhibitor | C88: 40/80 mg tab | D88: Allopurinol | E88: Febutaz, Zurig | F88: Adenuric, Uloric | G88: M04AA03 | I88: =IF(Lookup!$B$3="",FALSE(),ISNUMBER(SEARCH(Lookup!$B$3,A88&" "&B88&" "&D88&" "&E88&" "&F88))) -> FALSE | J88: =IF(I88,COUNTIF($I$2:I88,TRUE()),"")
A89: Fentanyl | B89: Opioid analgesic (anaesthesia/pain) | C89: 50 mcg/ml inj; 25–100 mcg/h patch | D89: Morphine; Remifentanil (OT) | E89: Trofentyl, Fent | F89: Sublimaze, Durogesic | G89: N02AB03 | H89: Controlled; OT and ICU demand. | I89: =IF(Lookup!$B$3="",FALSE(),ISNUMBER(SEARCH(Lookup!$B$3,A89&" "&B89&" "&D89&" "&E89&" "&F89))) -> FALSE | J89: =IF(I89,COUNTIF($I$2:I89,TRUE()),"")
A90: Ferric carboxymaltose | B90: Parenteral iron | C90: 500 mg/10 ml, 1 g/20 ml | D90: Iron sucrose (more infusions, lower unit cost) | E90: Encicarb, Ferinject | F90: Ferinject | G90: B03AC01 | H90: Single-dose convenience vs cost — day-care capacity decides. | I90: =IF(Lookup!$B$3="",FALSE(),ISNUMBER(SEARCH(Lookup!$B$3,A90&" "&B90&" "&D90&" "&E90&" "&F90))) -> FALSE | J90: =IF(I90,COUNTIF($I$2:I90,TRUE()),"")
A91: Fexofenadine | B91: Antihistamine (2nd gen) | C91: 120/180 mg tab | D91: Cetirizine; Loratadine; Desloratadine | E91: Allegra, Fexova | F91: Telfast, Allegra | G91: R06AX26 | I91: =IF(Lookup!$B$3="",FALSE(),ISNUMBER(SEARCH(Lookup!$B$3,A91&" "&B91&" "&D91&" "&E91&" "&F91))) -> FALSE | J91: =IF(I91,COUNTIF($I$2:I91,TRUE()),"")
A92: Filgrastim | B92: G-CSF | C92: 300 mcg, 480 mcg prefilled syringe | D92: Pegfilgrastim (long-acting); Lenograstim | E92: Neukine, Grafeel, Religrast | F92: Neupogen, Zarzio (biosimilar) | G92: L03AA02 | H92: Biosimilars widely available. | I92: =IF(Lookup!$B$3="",FALSE(),ISNUMBER(SEARCH(Lookup!$B$3,A92&" "&B92&" "&D92&" "&E92&" "&F92))) -> FALSE | J92: =IF(I92,COUNTIF($I$2:I92,TRUE()),"")
A93: Fluconazole | B93: Azole antifungal | C93: 150/200 mg cap; 200 mg/100 ml IV | D93: Itraconazole; Voriconazole (resistant/invasive) | E93: Forcan, Zocon | F93: Diflucan, Flucoral | G93: J02AC01 | I93: =IF(Lookup!$B$3="",FALSE(),ISNUMBER(SEARCH(Lookup!$B$3,A93&" "&B93&" "&D93&" "&E93&" "&F93))) -> FALSE | J93: =IF(I93,COUNTIF($I$2:I93,TRUE()),"")
A94: Fluoxetine | B94: SSRI | C94: 20 mg cap | D94: Sertraline; Escitalopram | E94: Fludac, Prodep | F94: Prozac, Fluoxetine (various) | G94: N06AB03 | I94: =IF(Lookup!$B$3="",FALSE(),ISNUMBER(SEARCH(Lookup!$B$3,A94&" "&B94&" "&D94&" "&E94&" "&F94))) -> FALSE | J94: =IF(I94,COUNTIF($I$2:I94,TRUE()),"")
A95: Fluticasone-salmeterol | B95: ICS + LABA inhaler | C95: 125/25, 250/25, 250/50 mcg | D95: Budesonide-formoterol; Fluticasone-vilanterol | E95: Seroflo, Combitide | F95: Seretide, Advair | G95: R03AK06 | I95: =IF(Lookup!$B$3="",FALSE(),ISNUMBER(SEARCH(Lookup!$B$3,A95&" "&B95&" "&D95&" "&E95&" "&F95))) -> FALSE | J95: =IF(I95,COUNTIF($I$2:I95,TRUE()),"")
A96: Folic acid | B96: Vitamin | C96: 5 mg tab; 400 mcg | D96: (Supplement) — combination iron-folic acid | E96: Folvite, Folic acid (various) | F96: Folic acid (various) | G96: B03BB01 | I96: =IF(Lookup!$B$3="",FALSE(),ISNUMBER(SEARCH(Lookup!$B$3,A96&" "&B96&" "&D96&" "&E96&" "&F96))) -> FALSE | J96: =IF(I96,COUNTIF($I$2:I96,TRUE()),"")
A97: Furosemide | B97: Loop diuretic | C97: 40 mg tab; 20 mg/2 ml inj | D97: Torsemide; Bumetanide | E97: Lasix, Frusenex | F97: Lasix, Furosemide (various) | G97: C03CA01 | I97: =IF(Lookup!$B$3="",FALSE(),ISNUMBER(SEARCH(Lookup!$B$3,A97&" "&B97&" "&D97&" "&E97&" "&F97))) -> FALSE | J97: =IF(I97,COUNTIF($I$2:I97,TRUE()),"")
A98: Gabapentin | B98: Gabapentinoid | C98: 300/400/600 mg cap/tab | D98: Pregabalin | E98: Gabapin, Neurontin | F98: Neurontin, Gabapentin (various) | G98: N02BF01 | H98: Controlled in UAE. | I98: =IF(Lookup!$B$3="",FALSE(),ISNUMBER(SEARCH(Lookup!$B$3,A98&" "&B98&" "&D98&" "&E98&" "&F98))) -> FALSE | J98: =IF(I98,COUNTIF($I$2:I98,TRUE()),"")
A99: Gemcitabine | B99: Antimetabolite chemotherapy | C99: 200 mg, 1 g inj | D99: (Protocol-specific) | E99: Gemcite, Gemtaz | F99: Gemzar, Gemcitabine (various) | G99: L01BC05 | H99: Cytotoxic. | I99: =IF(Lookup!$B$3="",FALSE(),ISNUMBER(SEARCH(Lookup!$B$3,A99&" "&B99&" "&D99&" "&E99&" "&F99))) -> FALSE | J99: =IF(I99,COUNTIF($I$2:I99,TRUE()),"")
A100: Gentamicin | B100: Aminoglycoside antibiotic | C100: 80 mg/2 ml inj; 0.3% eye/ear drops | D100: Amikacin; Tobramycin | E100: Genticyn, Garamycin | F100: Garamycin, Gentamicin (various) | G100: J01GB03 | I100: =IF(Lookup!$B$3="",FALSE(),ISNUMBER(SEARCH(Lookup!$B$3,A100&" "&B100&" "&D100&" "&E100&" "&F100))) -> FALSE | J100: =IF(I100,COUNTIF($I$2:I100,TRUE()),"")
...
